{"cameraMode":{"drawMode":0,"name":"Shaded","section":"Shading Mode"},"sceneLighting":true,"audioPlay":false,"sceneViewState":{"showFog":false,"showMaterialUpdate":false,"showSkybox":false,"showFlares":true,"showImageEffects":true,"showParticleSystems":true},"in2DMode":false,"pivot":{"x":1.9200000762939454,"y":0.6000000238418579,"z":-17.860000610351564},"rotation":{"x":-0.026379773393273355,"y":0.9733867049217224,"z":-0.17141127586364747,"w":-0.14980220794677735},"size":27.076446533203126,"orthographic":false}