{"cameraMode":{"drawMode":0,"name":"Shaded","section":"Shading Mode"},"sceneLighting":false,"audioPlay":false,"sceneViewState":{"showFog":false,"showMaterialUpdate":false,"showSkybox":false,"showFlares":true,"showImageEffects":true,"showParticleSystems":true},"in2DMode":false,"pivot":{"x":-0.07036566734313965,"y":7.3712921142578129,"z":-0.30755770206451418},"rotation":{"x":0.056461550295352939,"y":0.9431742429733276,"z":-0.2176668494939804,"w":0.2446541041135788},"size":24.617801666259767,"orthographic":false}